{
    "mse": 1.2080422289231245,
    "rmse": 1.0991097438031947
}